<?xml version="1.0" encoding="UTF-8"?><?xml-stylesheet type='text/xsl' href='_UpgradeReport_Files/UpgradeReport.xslt'?><UpgradeLog>
<Properties><Property Name="Solution" Value="Singer">
</Property><Property Name="Solution File" Value="c:\users\administrator.sr5dom\documents\visual studio 2010\Projects\Singer\Singer.sln">
</Property><Property Name="Date" Value="Thursday, July 19, 2012">
</Property><Property Name="Time" Value="1:54:35 AM">
</Property></Properties><Event ErrorLevel="0" Project="Signer" Source="..\..\..\..\Desktop\Codeplex\Signer\Signer.csproj" Description="Project file successfully backed up as c:\users\administrator.sr5dom\documents\visual studio 2010\Projects\Singer\Backup\Signer.csproj">
</Event><Event ErrorLevel="0" Project="Signer" Source="..\..\..\..\Desktop\Codeplex\Signer\AssemblyNames.cs" Description="File successfully backed up as c:\users\administrator.sr5dom\documents\visual studio 2010\Projects\Singer\Backup\AssemblyNames.cs">
</Event><Event ErrorLevel="0" Project="Signer" Source="..\..\..\..\Desktop\Codeplex\Signer\Executor.cs" Description="File successfully backed up as c:\users\administrator.sr5dom\documents\visual studio 2010\Projects\Singer\Backup\Executor.cs">
</Event><Event ErrorLevel="0" Project="Signer" Source="..\..\..\..\Desktop\Codeplex\Signer\ILUpdater.cs" Description="File successfully backed up as c:\users\administrator.sr5dom\documents\visual studio 2010\Projects\Singer\Backup\ILUpdater.cs">
</Event><Event ErrorLevel="0" Project="Signer" Source="..\..\..\..\Desktop\Codeplex\Signer\Program.cs" Description="File successfully backed up as c:\users\administrator.sr5dom\documents\visual studio 2010\Projects\Singer\Backup\Program.cs">
</Event><Event ErrorLevel="0" Project="Signer" Source="..\..\..\..\Desktop\Codeplex\Signer\Properties\AssemblyInfo.cs" Description="File successfully backed up as c:\users\administrator.sr5dom\documents\visual studio 2010\Projects\Singer\Backup\Properties\AssemblyInfo.cs">
</Event><Event ErrorLevel="0" Project="Signer" Source="..\..\..\..\Desktop\Codeplex\Signer\license.txt" Description="File successfully backed up as c:\users\administrator.sr5dom\documents\visual studio 2010\Projects\Singer\Backup\license.txt">
</Event><Event ErrorLevel="1" Project="Signer" Source="..\..\..\..\Desktop\Codeplex\Signer\Signer.csproj" Description="Your project is targeting .NET Framework 2.0 or 3.0. If your project uses assemblies requiring a newer .NET Framework, your project will fail to build. You can change the .NET Framework version by clicking Properties on the project menu and then selecting a new version in the '.NET Framework' dropdown box. (In Visual Basic, this is located on the Compile tab by clicking the 'Advanced Compiler Options...' button.)">
</Event><Event ErrorLevel="0" Project="Signer" Source="..\..\..\..\Desktop\Codeplex\Signer\Signer.csproj" Description="Project converted successfully">
</Event><Event ErrorLevel="3" Project="Signer" Source="..\..\..\..\Desktop\Codeplex\Signer\Signer.csproj" Description="Converted">
</Event><Event ErrorLevel="0" Project="Signer" Source="..\..\..\..\Desktop\Codeplex\Signer\Signer.csproj" Description="Scan complete: Upgrade not required for project files.">
</Event></UpgradeLog>