﻿<?xml version="1.0" ?>
<ArrayOfProperties xmlns:xsi="http://www.w3.org/2001/XMLSchema-instance" xmlns:xsd="http://www.w3.org/2001/XMLSchema">
  <Disk>
    <Properties Name="PartitionStyle" Value="GPt"/>
  </Disk>
  <FileBasedDisk>    
    <Properties Name="Path" Value="F:\" />
    <Properties Name="SizeInGB" Value="1" />
    <Properties Name="DiskType" Value="dynamic" />
  </FileBasedDisk>
  <Volume>
    <Properties Name="AllocationUnitSize" Value="4096" />
    <Properties Name="FileSystem" Value="Ntfs" />
    <Properties Name="Label" Value="ps_sandy_vol" />
    <Properties Name="MountPath" Value="c:\sandy_mount" />
    <Properties Name="LabelPrefix" Value="ps_vol_" />
    <Properties Name="MountPathPrefix" Value="c:\ps_mount_" />
  </Volume>  
</ArrayOfProperties>

