﻿<?xml version="1.0" encoding="utf-8" ?>
<ArrayOfProperties xmlns:xsi="http://www.w3.org/2001/XMLSchema-instance" xmlns:xsd="http://www.w3.org/2001/XMLSchema">
  <Properties Name="Lun" Value="$lun" />
  <Properties Name="LunC" Value="$lun2" />
  <Properties Name="LunForVM" Value="$lunVM" /> 
  <Properties Name="Host" Value="$h" />
  <Properties Name="Cluster" Value="$cluster" />
  <Properties Name="Storage" Value="$storage" />
  <Properties Name="StorageGroup" Value="$storageGroup" />
  <Properties Name="Disk" Value="$disk" />
  <Properties Name="Disks" Value="$disks" />
  <Properties Name="DiskForVM" Value="$disksForVM" />
  <Properties Name="DiskFindForCLuster" Value="$DiskTemp" />
  <Properties Name="ClusterDisk" Value="$clusterDisk" />
  <Properties Name="FilebasedDisk" Value="$filebasedDisk" />
  <Properties Name="FilebasedDiskConfiguration" Value="$fileDiskConfig" />
  <Properties Name="PassthroughDisk" Value="$passthroughDisk" />
  <Properties Name="PassthroughDiskConfiguration" Value="$ptDiskConfig" />
  <Properties Name="PassthroughDisks" Value="$passthroughDisks" />
  <Properties Name="Letter" Value="$letter" />
  <Properties Name="Pool" Value="$pool" />
  <Properties Name="SnapshotPool" Value="$snapshotPool" />
  <Properties Name="LunIdentifier" Value="$lunIdentifier" />
  <Properties Name="LunIdentifierForCluster" Value="$lunIdentifierForCluster" />
  <Properties Name="Volume" Value="$volume" />
  <Properties Name="VolumeForCluster" Value="$volume2" />
  <Properties Name="System" Value="$system" />
  <Properties Name="Hypervisor" Value="$hyperv" />
  <Properties Name="VirtualMachine" Value="$vm" />
  <Properties Name="VirtualMachineConfiguration" Value="$vmConfiguration" />
  <Properties Name="ScsiController" Value="$scsiController" />
  <Properties Name="SnapshotLun" Value="$snapshotLun" />
  <Properties Name="Location" Value="$location" />
  <Properties Name="HostbusAdapter" Value="$hostbusAdapter" />
</ArrayOfProperties>

