﻿<?xml version="1.0" ?>
<ArrayOfProperties xmlns:xsi="http://www.w3.org/2001/XMLSchema-instance" xmlns:xsd="http://www.w3.org/2001/XMLSchema">
  <Storage>
    <Properties Name="Block" Value="CLARiiON-CX4, VMAX, VMAXe, VNX-Block, VNX" />
    <Properties Name="File" Value="VNX-CIFS, VNX" />
    <Properties Name="All" Value="CLARiiON-CX4, VMAX, VMAXe, VNX-Block, VNX, VNX-CIFS" />
  </Storage>
  <Host>
    <Properties Name="BlobFile" Value="c:\Blob_host.txt" />
    <Properties Name="HostName" Value="lamanna-env.sr5dom.eng.emc.com" />
    <Properties Name="Domain" Value="sr5dom.eng.emc.com" />
    <Properties Name="IPAddress" Value="10.5.222.54" />
    <Properties Name="UserName" Value="sr5dom\administrator" />
    <Properties Name="InitiatorId" Value="iqn.1991-05.com.microsoft:lamanna-srv-vm3.sr5dom.eng.emc.com" />
  </Host>
  <Hypervisor>
    <Properties Name="BlobFile" Value="c:\Blob_hyperv.txt" />
    <Properties Name="HostName" Value="RDCVirtual-1.sr5dom.eng.emc.com" />
    <Properties Name="Domain" Value="sr5dom.eng.emc.com" />
    <Properties Name="IPAddress" Value="10.5.222.81" />
    <Properties Name="UserName" Value="sr5dom\administrator" />
    <Properties Name="Password" Value="Password!" />
  </Hypervisor>
  <VM>
    <Properties Name="BlobFile" Value="c:\Blob_vm.txt" />
    <Properties Name="HostName" Value="lamanna-env.sr5dom.eng.emc.com" />
    <Properties Name="Domain" Value="sr5dom.eng.emc.com" />
    <Properties Name="IPAddress" Value="10.5.222.121" />
    <Properties Name="UserName" Value="sr5dom\administrator" />
  </VM>
  <VNX>
    <Properties Name="BlobFile" Value="c:\Blob_VNX.txt" />
    <Properties Name="UserFriendlyName" Value="vnx_167" />
    <Properties Name="CIFSValid" Value="true" />
  </VNX>
  <VNX-Block>
    <Properties Name="BlobFile" Value="c:\Blob_VNX-Block.txt" />
    <Properties Name="UserFriendlyName" Value="vnx-block_167" />
    <Properties Name="Block-Username" Value="gadmin" />
    <Properties Name="Block-Password" Value="rdc4msl" />
    <Properties Name="ManagementServiceEndpointList" Value="{[IpAddress: 10.5.223.167, Port: 443.], [IpAddress: 10.5.223.168, Port: 443.]}" />
  </VNX-Block>
  <VNX-CIFS>
    <Properties Name="BlobFile" Value="c:\Blob_VNX-CIFS.txt" />
    <Properties Name="UserFriendlyName" Value="vnx_cifs-166" />
    <Properties Name="UserName" Value="nasadmin" />
    <Properties Name="IpAddress" Value="10.5.223.166" />
    <Properties Name="Port" Value="443" />
  </VNX-CIFS>
  <Cluster>
    <Properties Name="BlobFile" Value="c:\Blob_cluster57.txt" />
    <Properties Name="FriendlyName" Value="cluster57" />
    <Properties Name="Name" Value="Lamanna-Cluster" />
    <Properties Name="HostName" Value="Lamanna-Cluster.sr5dom.eng.emc.com" />
    <Properties Name="Domain" Value="sr5dom.eng.emc.com" />
    <Properties Name="IPAddress" Value="10.5.222.57" />
    <Properties Name="UserName" Value="sr5dom\administrator" />
    <Properties Name="Node1HostName" Value="lamanna-clu1.sr5dom.eng.emc.com" />
    <Properties Name="Node1InitiatorId" Value="iqn.1991-05.com.microsoft:lamanna-clu1.sr5dom.eng.emc.com" />
    <Properties Name="Node2HostName" Value="lamanna-clu2.sr5dom.eng.emc.com" />
    <Properties Name="Node2InitiatorId" Value="iqn.1991-05.com.microsoft:lamanna-clu2.sr5dom.eng.emc.com" />
  </Cluster>
  <Cluster1>
    <Properties Name="BlobFile" Value="c:\Blob_cluster21.txt" />
    <Properties Name="FriendlyName" Value="cluster21" />
    <Properties Name="Name" Value="WsiCluster" />
    <Properties Name="HostName" Value="WsiCluster.sr5dom.eng.emc.com" />
    <Properties Name="Domain" Value="sr5dom.eng.emc.com" />
    <Properties Name="IPAddress" Value="10.5.222.21" />
    <Properties Name="UserName" Value="sr5dom\administrator" />
    <Properties Name="Node1HostName" Value="w2kr2-yz3.sr5dom.eng.emc.com" />
    <Properties Name="Node1InitiatorId" Value="iqn.1991-05.com.microsoft:w2kr2-yz3.sr5dom.eng.emc.com" />
    <Properties Name="Node2HostName" Value="w2kr2-yz4.sr5dom.eng.emc.com" />
    <Properties Name="Node2InitiatorId" Value="iqn.1991-05.com.microsoft:w2kr2-yz4.sr5dom.eng.emc.com" />
  </Cluster1>
</ArrayOfProperties>
