﻿<?xml version="1.0" ?>
<ArrayOfProperties xmlns:xsi="http://www.w3.org/2001/XMLSchema-instance" xmlns:xsd="http://www.w3.org/2001/XMLSchema">
  <Hypervisor>
    <Properties Name="BlobFile" Value="c:\Blobfiles\Blob_hyperv81.txt" />
    <Properties Name="HostName" Value="rdcvirtual-1.sr5dom.eng.emc.com" />
    <Properties Name="Domain" Value="sr5dom.eng.emc.com" />
    <Properties Name="IPAddress" Value="10.5.222.81" />
    <Properties Name="UserName" Value="sr5dom\administrator" />
    <VM0>
      <Properties Name="BlobFile" Value="c:\Blobfiles\Blob_vm202.txt" />
      <Properties Name="HostName" Value="Test-Sandy2.sr5dom.eng.emc.com" />
      <Properties Name="Domain" Value="sr5dom.eng.emc.com" />
      <Properties Name="IPAddress" Value="10.5.222.202" />
      <Properties Name="UserName" Value="sr5dom\administrator" />
    </VM0>
  </Hypervisor>  
</ArrayOfProperties>
