﻿<?xml version="1.0" ?>
<ArrayOfProperties xmlns:xsi="http://www.w3.org/2001/XMLSchema-instance" xmlns:xsd="http://www.w3.org/2001/XMLSchema">
  <Properties Name="Capacity" Value="1024mb" />
  <Properties Name="NamePrefix" Value="ps_testlun" />
  <Properties Name="Description" Value="EmcLunTest" />
  <Properties Name="ApplicationHint" Value="Hyper-V" />
  <Properties Name="PoolFilter" Value="false" />
  <Properties Name="PoolName" Value="ESI_TEST_POOL_1" />
  <Properties Name="PoolType" Value="Block" />
  <Properties Name="CapacityForFilePool" Value="4096mb" />
  <Properties Name="CapacityForFileFolder" Value="1024mb" />
  <Properties Name="CountForStandByLun" Value="2" />
  <Properties Name="CapacityForStandByLun" Value="2gb" />
  <Properties Name="PoolNameForVMAX" Value="ESI_POOL" />
  <Properties Name="PoolNameForVNX" Value="ESI_TEST_POOL_1" />
  <Properties Name="PoolNameForVNX-CIFS" Value="/EG_TEST_POOL_PATH" />
  <Properties Name="PoolNameForVNX-Block" Value="ESI_TEST_POOL_1" />
  <Properties Name="PoolNameForCLARiiON-CX4" Value="ESI_TEST_POOL_1" />
  <Properties Name="PoolNameForVMAXe" Value="ESI_POOL" />
  <Properties Name="PoolNameForVNXe" Value="global_pool_0" />
  <Properties Name="PoolNameForVNXeFile" Value="performance" />
</ArrayOfProperties>


