﻿<?xml version="1.0" ?>
<ArrayOfProperties xmlns:xsi="http://www.w3.org/2001/XMLSchema-instance" xmlns:xsd="http://www.w3.org/2001/XMLSchema">
  <Storage>
    <Properties Name="Block" Value="VNX" />
    <Properties Name="File" Value="VNX-CIFS" />
    <Properties Name="All" Value="VNX,VNX-Block,VNX-CIFS,VNXe,VMAX,CLARiiON-CX4" />
  </Storage>
  <CLARiiON-CX4>
    <Properties Name="BlobFile" Value="c:\Blobfiles\Blob_cx4.txt" />
  </CLARiiON-CX4>
  <VNX>
    <Properties Name="BlobFile" Value="c:\Blobfiles\Blob_VNX.txt" />
  </VNX>
  <VNX-Block>
    <Properties Name="BlobFile" Value="c:\Blobfiles\Blob_VNX-Block.txt" />
  </VNX-Block>
  <VNX-CIFS>
    <Properties Name="BlobFile" Value="c:\Blobfiles\Blob_vnx-Cifs240.txt" />
  </VNX-CIFS>
  <VNXe>
    <Properties Name="BlobFile" Value="c:\Blobfiles\Blob_VNXe.txt" />
  </VNXe>
  
  <Host>
    <Properties Name="BlobFile" Value="C:\blobfiles\Blob_vm202.txt" />
  </Host>
  <Cluster>
    <Properties Name="BlobFile" Value="c:\Blobfiles\Blob_cluster21.txt" />
  </Cluster>
  <Cluster1>
    <Properties Name="BlobFile" Value="c:\Blobfiles\Blob_cluster21.txt" />
  </Cluster1>
  <VMAX>
    <Properties Name="BlobFile" Value="c:\Blobfiles\Blob_VMAX.txt" />
    <Properties Name="UserFriendlyName" Value="vmax" />
  </VMAX>
</ArrayOfProperties>
<!--<VMAX>
    <Properties Name="BlobFile" Value="c:\Blobfiles\Blob_VMAX.txt" />
    <Properties Name="UserFriendlyName" Value="vmax" />
  </VMAX>-->
