﻿<?xml version="1.0" ?>
<ArrayOfProperties xmlns:xsi="http://www.w3.org/2001/XMLSchema-instance" xmlns:xsd="http://www.w3.org/2001/XMLSchema">
  <Hypervisor>
    <Properties Name="BlobFile" Value="C:\Blobfiles\Blob_vcenter.txt" />
    <Properties Name="HostName" Value="10.5.222.201" />
    <Properties Name="Domain" Value="sr5dom.eng.emc.com" />
    <Properties Name="IPAddress" Value="10.5.222.201" />
    <Properties Name="UserName" Value="administrator" />
    <Properties Name="IsVirtualCenter" Value="true" />
    <Host0>
      <Properties Name="BlobFile" Value="c:\Blobfiles\Blob_vmware66.txt" />
      <Properties Name="HostName" Value="10.5.222.66" />
      <Properties Name="Domain" Value="sr5dom.eng.emc.com" />
      <Properties Name="IPAddress" Value="10.5.222.66" />
      <Properties Name="UserName" Value="root" />
      <Properties Name="Password" Value="Password!" /> 
      <Properties Name="ManagementServerIp" Value="10.5.222.201" />
      <VM0>
        <Properties Name="BlobFile" Value="c:\Blobfiles\Blob_vm109.txt" />
        <Properties Name="HostName" Value="VM-ESX-TEST-66" />
        <Properties Name="Domain" Value="sr5dom.eng.emc.com" />
        <Properties Name="UserName" Value="sr5dom\administrator" />        
      </VM0>
    </Host0>
    <Host1>
      <Properties Name="BlobFile" Value="c:\Blobfiles\Blob_vmware99.txt" />
      <Properties Name="HostName" Value="10.5.222.99" />
      <Properties Name="Domain" Value="sr5dom.eng.emc.com" />
      <Properties Name="IPAddress" Value="10.5.222.99" />
      <Properties Name="UserName" Value="root" />
      <Properties Name="Password" Value="Password!" />
    </Host1>
  </Hypervisor>  
</ArrayOfProperties>
