﻿<?xml version="1.0" ?>
<ArrayOfProperties xmlns:xsi="http://www.w3.org/2001/XMLSchema-instance" xmlns:xsd="http://www.w3.org/2001/XMLSchema">
  <Hypervisor>
    <Properties Name="BlobFile" Value="c:\Blobfiles\Blob_xenServer.txt" />
    <Properties Name="HostName" Value="10.5.222.180" />
    <Properties Name="Domain" Value="sr5dom.eng.emc.com" />
    <Properties Name="IPAddress" Value="10.5.222.180" />
    <Properties Name="UserName" Value="root" />
    <Host0>
      <Properties Name="Name" Value="YAOHAI-XEN1" />
      <Properties Name="Domain" Value="sr5dom.eng.emc.com" />
      <Properties Name="IPAddress" Value="10.5.222.180" />
      <Properties Name="UserName" Value="root" />
      <VM0>
        <Properties Name="BlobFile" Value="c:\Blobfiles\Blob_vm_182.txt" />
        <Properties Name="HostName" Value="xen-vm2.sr5dom.eng.emc.com" />
        <Properties Name="Domain" Value="sr5dom.eng.emc.com" />
        <Properties Name="UserName" Value="sr5dom\administrator" />
      </VM0>
      <VM1>
        <Properties Name="BlobFile" Value="c:\Blobfiles\Blob_vm_181.txt" />
        <Properties Name="HostName" Value="rcn1-2-cluster.sr5dom.eng.emc.com" />
        <Properties Name="Domain" Value="sr5dom.eng.emc.com" />
        <Properties Name="UserName" Value="sr5dom\administrator" />
      </VM1>
    </Host0>
  </Hypervisor>  
</ArrayOfProperties>
