﻿<?xml version="1.0" encoding="utf-8" ?>
<ArrayOfProperties xmlns:xsi="http://www.w3.org/2001/XMLSchema-instance" xmlns:xsd="http://www.w3.org/2001/XMLSchema">
  <Properties Name="RoleNames" Value="Administrator,Monitor" />
  <Properties Name="UserNames" Value="SR5DOM\administrator" />
  <Properties Name="URLIP" Value="10.5.222.165" />
  <Properties Name="URLPort" Value="54500,54501" />
  <Properties Name="URL" Value="http://10.5.222.165:54500" />
  <Properties Name="SystemType" Value="VNX-Block,VMAX,VNX-CIFS" />
  <Properties Name="SupportedSystemType" Value="VMAX,VNX,VNX-Block,VNX-CIFS,CLARiiON-CX4" />
  <Properties Name="MandatoryEntityClassForVMAX" Value="StorageSystem,Enclosure,StandbyPowerSupply,PowerSupply,LinkControlCard,DiskDrive,CoolingComponent,ServiceNodeContainer,MemoryModule,LunStorageServiceNode,FcStoragePort,IscsiStoragePort,LunStoragePool,SnapshotPool" />
  <Properties Name="OptionalEntityClassForVMAX" Value="SnapshotLun,ConcreteLun,LunMaskingView" />
  <Properties Name="MandatoryEntityClassForVNX-Block" Value="StorageSystem,Enclosure,StandbyPowerSupply,CPUModule,IOModule,MemoryModule,PowerSupply,LinkControlCard,DiskDrive,LunStorageServiceNode,FcStoragePort,IscsiStoragePort,LunStoragePool,StorageManagementServiceEndpoint,SnapshotPool" />
  <Properties Name="OptionalEntityClassForVNX-Block" Value="ConcreteLun,SnapshotLun,LunMaskingView" />
  <Properties Name="MandatoryEntityClassForVNX-CIFS" Value="StorageSystem,Enclosure,ManagementStorageServiceNode,CoolingComponent,PowerSupply,CifsStorageServiceNode,IscsiStoragePort,MemoryModule,IOModule,NetworkSwitch" />
  <Properties Name="OptionalEntityClassForVNX-CIFS" Value="CifsStoragePool,CifsSharedFolder" />
  <Properties Name="MandatoryEntityClassForVNX" Value="StorageSystem,Enclosure,StandbyPowerSupply,CPUModule,IOModule,MemoryModule,PowerSupply,LinkControlCard,DiskDrive,LunStorageServiceNode,FcStoragePort,IscsiStoragePort,LunStoragePool,StorageManagementServiceEndpoint,SnapshotPool,,ManagementStorageServiceNode,CoolingComponent,CifsStorageServiceNode,NetworkSwitch" />
  <Properties Name="OptionalEntityClassForVNX" Value="ConcreteLun,SnapshotLun,LunMaskingView,CifsStoragePool,CifsSharedFolder" />
  <Properties Name="MandatoryEntityClassForCLARiiON" Value="StorageSystem,Enclosure,StandbyPowerSupply,CPUModule,IOModule,MemoryModule,PowerSupply,LinkControlCard,DiskDrive,LunStorageServiceNode,FcStoragePort,IscsiStoragePort,LunStoragePool,StorageManagementServiceEndpoint,SnapshotPool" />
  <Properties Name="OptionalEntityClassForCLARiiON" Value="ConcreteLun,SnapshotLun,LunMaskingView" />
</ArrayOfProperties>
