﻿<?xml version="1.0" ?>
<ArrayOfProperties xmlns:xsi="http://www.w3.org/2001/XMLSchema-instance" xmlns:xsd="http://www.w3.org/2001/XMLSchema">
  <HyperV>
    <Properties Name="HostName" Value="rdcvirtual-1.sr5dom.eng.emc.com" />
    <Properties Name="Domain" Value="sr5dom.eng.emc.com" />
    <Properties Name="IPAddress" Value="10.5.222.81" />
    <Properties Name="UserName" Value="sr5dom\administrator" />
    <Properties Name="Password" Value="Password!" />
    <VM0>
      <Properties Name="HostName" Value="Test-Sandy1.sr5dom.eng.emc.com" />
      <Properties Name="Domain" Value="sr5dom.eng.emc.com" />
      <Properties Name="IPAddress" Value="10.5.222.165" />
      <Properties Name="UserName" Value="sr5dom\administrator" />
      <Properties Name="Password" Value="Password!" />
    </VM0>
  </HyperV>
  <VMWare>
    <Properties Name="HostName" Value="10.5.222.228" />
    <Properties Name="Domain" Value="sr5dom.eng.emc.com" />
    <Properties Name="IPAddress" Value="10.5.222.228" />
    <Properties Name="UserName" Value="administrator" />
    <Properties Name="IsVirtualCenter" Value="true" />
    <Properties Name="Password" Value="Password!" />
    <Host0>
      <Properties Name="HostName" Value="10.5.222.66" />
      <Properties Name="Domain" Value="sr5dom.eng.emc.com" />
      <Properties Name="IPAddress" Value="10.5.222.66" />
      <Properties Name="UserName" Value="root" />
      <Properties Name="Password" Value="Password!" />
      <Properties Name="ManagementServerIp" Value="10.5.222.228" />
      <VM0>
        <Properties Name="HostName" Value="vm-esx-test-66" />
        <Properties Name="Domain" Value="sr5dom.eng.emc.com" />
        <Properties Name="UserName" Value="sr5dom\administrator" />
        <Properties Name="Password" Value="Password!" />
      </VM0>
    </Host0>
    <Host1>
      <Properties Name="HostName" Value="10.5.222.66" />
      <Properties Name="Domain" Value="sr5dom.eng.emc.com" />
      <Properties Name="IPAddress" Value="10.5.222.66" />
      <Properties Name="UserName" Value="root" />
      <Properties Name="Password" Value="Password!" />
    </Host1>
  </VMWare>
  <XenServer>
    <Properties Name="HostName" Value="10.5.222.183" />
    <Properties Name="Domain" Value="sr5dom.eng.emc.com" />
    <Properties Name="IPAddress" Value="10.5.222.183" />
    <Properties Name="UserName" Value="root" />
    <Properties Name="Password" Value="Password!" />
    <Host0>
      <Properties Name="Name" Value="YAOHAI-XEN1" />
      <Properties Name="Domain" Value="sr5dom.eng.emc.com" />
      <Properties Name="IPAddress" Value="10.5.222.183" />
      <Properties Name="UserName" Value="root" />
      <VM0>
        <Properties Name="HostName" Value="xen-vm1.sr5dom.eng.emc.com" />
        <Properties Name="Domain" Value="sr5dom.eng.emc.com" />
        <Properties Name="UserName" Value="sr5dom\administrator" />
        <Properties Name="Password" Value="Password!" />
      </VM0>
    </Host0>
  </XenServer>
</ArrayOfProperties>
