﻿<?xml version="1.0" ?>
<ArrayOfProperties xmlns:xsi="http://www.w3.org/2001/XMLSchema-instance" xmlns:xsd="http://www.w3.org/2001/XMLSchema">
  <!--lun related-->
  <Properties Name="Capacity" Value="1024mb" />
  <Properties Name="NamePrefix" Value="ps_testlun" />
  <Properties Name="Description" Value="EmcLunTest" />
  <Properties Name="ApplicationHint" Value="HyperV,VMware" />
  <Properties Name="PoolFilter" Value="false" />
  <Properties Name="PoolName" Value="ESI_TEST_POOL_1" />
  <Properties Name="PoolType" Value="Block" /> 
  <Properties Name="PoolNameForVMAX" Value="QA_Pool" />
  <Properties Name="PoolNameForVNX" Value="ESI_TEST_POOL_1" />
  <Properties Name="PoolNameForVNX-CIFS" Value="/EG_TEST_POOL_PATH" />
  <Properties Name="PoolNameForVNX-Block" Value="ESI_TEST_POOL_1" />
  <Properties Name="PoolNameForCLARiiON-CX4" Value="ESI_TEST_POOL_1" />
  <Properties Name="PoolNameForVNXe" Value="global_pool_3" />
  <Properties Name="PoolNameForVNXeFile" Value="StoragePool00" />
<!--snapshot lun related-->
  <Properties Name="Count" Value="2" />
  <Properties Name="RetentionHours" Value="5" />
  <Properties Name="RetentionMinutes" Value="0" />
  <Properties Name="RetentionSeconds" Value="0" />
  <Properties Name="SnapshotPoolIdForVMAX" Value="SYMMETRIX+000195700515+S+DEFAULT_POOL" />
<!--standby lun related-->
  <Properties Name="CountForStandByLun" Value="2" />
  <Properties Name="CapacityForStandByLun" Value="2gb" />
<!--cifs shared folder related-->
  <Properties Name="CapacityForFilePool" Value="4096mb" />
  <Properties Name="CapacityForFileFolder" Value="1024mb" />
</ArrayOfProperties>


