﻿<?xml version="1.0" ?>
<ArrayOfProperties xmlns:xsi="http://www.w3.org/2001/XMLSchema-instance" xmlns:xsd="http://www.w3.org/2001/XMLSchema">
  <Disk>
    <Properties Name="RescanCount" Value="20" />
  </Disk>
  <FileBasedDisk>    
    <Properties Name="Path" Value="F:\" />
    <Properties Name="Size" Value="1gb" />
  </FileBasedDisk>
  <Volume>
    <Properties Name="LabelPrefix" Value="ps_vol_" />
    <Properties Name="MountPathPrefix" Value="c:\ps_mount_" />
  </Volume>
  <SR>
    <Properties Name="NamePrefix" Value="ps_sr_"/>
    <Properties Name="Description" Value="EMC SR Test "/>
  </SR>
  <XenServerVirtualDisk>
    <Properties Name="Size" Value="20mb" />
    <Properties Name="NamePrefix" Value="ps_XenServerVDisk_"/>
  </XenServerVirtualDisk>
  <DataStore>
    <Properties Name="Name" Value="DS_ESI_TEST (1)" />
    <Properties Name="DataStorePath" Value ="VM-ESX-TEST" />
  </DataStore>
  <Expand>
    <Properties Name="DiskExpand" Value="100mb" />
    <Properties Name="LunExpand" Value="1gb" />
    <Properties Name="VolumeExpand" Value="100mb" />
    <Properties Name="LunIncreaseBy" Value="10mb" />
  </Expand>
  <StorageAccessControl>
    <Properties Name="FileFolder" Value="C:\" />
    <Properties Name="FileNamePrefix" Value ="test" />
    <Properties Name="ProtectionKey" Value="111111" />
  </StorageAccessControl>
</ArrayOfProperties>

