﻿<?xml version="1.0" encoding="utf-8" ?>
<ArrayOfProperties xmlns:xsi="http://www.w3.org/2001/XMLSchema-instance" xmlns:xsd="http://www.w3.org/2001/XMLSchema">
  <Properties Name="AccessControl" Value = "$acl" />
  <Properties Name="Cluster" Value="$cluster" />
  <Properties Name="ClusterDisk" Value="$clusterDisk" />
  <Properties Name="ClusterVolume" Value="$clusterVolume" />
  <Properties Name="ClusterGroup" Value="$clusterGroup" />
  <Properties Name="CreationParameters" Value="$creationParameters" />
  <Properties Name="DataStore" Value="$datastore" />
  <Properties Name="Disk" Value="$disk" />
  <Properties Name="Disks" Value="$disks" />
  <Properties Name="DiskFindForCLuster" Value="$DiskTemp" />
  <Properties Name="DiskForVM" Value="$disksForVM" />
  <Properties Name="ESXHost" Value="$esxHost" />
  <Properties Name="FilebasedDisk" Value="$filebasedDisk" />
  <Properties Name="FilebasedDiskConfiguration" Value="$fileDiskConfig" />
  <Properties Name="FileStoragePool" Value="$filePool" />
  <Properties Name="Host" Value="$h" />
  <Properties Name="HostbusAdapter" Value="$hostbusAdapter" />
  <Properties Name="HostCredential" Value = "$hostCredential" />
  <Properties Name="HyperV" Value="$hyperv" />
  <Properties Name="Hypervisor" Value="$hypervisor" />
  <Properties Name="InitiatorId" Value="$initiatorId" />
  <Properties Name="Letter" Value="$letter" />
  <Properties Name="Location" Value="$location" />
  <Properties Name="LunIdentifier" Value="$lunIdentifier" />
  <Properties Name="LunIdentifierForCluster" Value="$lunIdentifierForCluster" />
  <Properties Name="Lun" Value="$lun" />
  <Properties Name="LunC" Value="$lun2" />
  <Properties Name="LunForVM" Value="$lunVM" />
  <Properties Name="LunForScsi" Value="$lunForScsi" />
  <Properties Name="LunMaskingView" Value="$lunMaskingView" />
  <Properties Name="NetworkShareFolder" Value="$networkShareFolder" />
  <Properties Name="PassthroughDisk" Value="$passthroughDisk" />
  <Properties Name="PassthroughDiskConfiguration" Value="$ptDiskConfig" />
  <Properties Name="PassthroughDisks" Value="$passthroughDisks" />
  <Properties Name="Pool" Value="$pool" />
  <Properties Name="RegisteredHost" Value="$registeredHost" />
  <Properties Name="RegisteredInitiator" Value="$registeredInitiator" />
  <Properties Name="ScsiController" Value="$scsiController" />
  <Properties Name="ScsiLun" Value="$scsiLun" />
  <Properties Name="ServiceNode" Value="$serviceNode" />
  <Properties Name="SharedFolder" Value="$sharedFolder" />
  <Properties Name="SharedFolderPool" Value="$sharedFolderPool" />
  <Properties Name="SnapshotPool" Value="$snapshotPool" />
  <Properties Name="SnapshotLun" Value="$snapshotLun" />
  <Properties Name="StandByLuns" Value="$standByLuns" />
  <Properties Name="Storage" Value="$storage" />
  <Properties Name="StorageGroup" Value="$storageGroup" />
  <Properties Name="StorageRepository" Value="$storageRepository" />
  <Properties Name="System" Value="$system" />
  <Properties Name="TargetPort" Value="$targetPort" />
  <Properties Name="Timespan" Value="$t" />
  <Properties Name="vCenter" Value="$vCenter" />
  <Properties Name="VMWare" Value="$vmware" />
  <Properties Name="VirtualMachine" Value="$vm" />
  <Properties Name="VirtualMachineConfiguration" Value="$vmConfiguration" />
  <Properties Name="Volume" Value="$volume" />
  <Properties Name="Volumes" Value="$volumes" />
  <Properties Name="VolumeForCluster" Value="$volume2" />  
  <Properties Name="XenServer" Value="$xenServer" />
  <Properties Name="XenServerHost" Value="$xenServerHost" />
  <Properties Name="XenServerVirtualDisk" Value="$xenServerVirtualDisk" />
  <Properties Name="XenVMDisk" Value="$xenVMDisk" />
</ArrayOfProperties>

