﻿<?xml version="1.0" encoding="utf-8" ?>
<ArrayOfProperties xmlns:xsi="http://www.w3.org/2001/XMLSchema-instance" xmlns:xsd="http://www.w3.org/2001/XMLSchema">
  <Properties Name="Entity" Value="$entity" />
  <Properties Name="SourceEntity" Value="$sourceEntity" />
  <Properties Name="TargetEntity" Value="$targetEntity" />
  <Properties Name="ServicePolicy" Value="$servicepolicy" />
  <Properties Name="SystemType" Value="$systemType" />
  <Properties Name="vCenter" Value="$vCenter" />
  <Properties Name="LunMaskingView" Value="$lunMaskingView" />
  <Properties Name="CreationParameters" Value="$creationParameters" />
  <Properties Name="System" Value="$system" />
  <Properties Name="Relationship" Value="$relationship" />
  <Properties Name="Connection" Value="$connection" />
  <Properties Name="Options" Value="$options" />
</ArrayOfProperties>
