﻿<?xml version="1.0" ?>
<ArrayOfProperties xmlns:xsi="http://www.w3.org/2001/XMLSchema-instance" xmlns:xsd="http://www.w3.org/2001/XMLSchema">
  <Storage>
    <Properties Name="Block" Value="VNX-Block" />
    <Properties Name="File" Value="VNXe" />
    <Properties Name="All" Value="VNX-Block, VNX-CIFS, VNX, VNXe, VMAX" />
  </Storage>
  <CLARiiON-CX4>
    <Properties Name="SpaIpAddress" Value="10.5.223.167" />
    <Properties Name="SpbIpAddress" Value="10.5.223.168" />
    <Properties Name="Username" Value="gadmin" />
    <Properties Name="Password" Value="rdc4msl" />
  </CLARiiON-CX4>
  <VNX>
    <Properties Name="SpaIpAddress" Value="10.5.223.167" />
    <Properties Name="SpbIpAddress" Value="10.5.223.168" />
    <Properties Name="BlockUsername" Value="gadmin" />
    <Properties Name="BlockPassword" Value="rdc4msl" />
    <Properties Name="ControlStationIPAddress" Value="10.5.223.166" />
    <Properties Name="CifsUsername" Value="nasadmin" />
    <Properties Name="CifsPassword" Value="nasadmin" />
  </VNX>
  <VNX-Block>
    <Properties Name="SpaIpAddress" Value="10.5.223.167" />
    <Properties Name="SpbIpAddress" Value="10.5.223.168" />
    <Properties Name="Username" Value="gadmin" />
    <Properties Name="Password" Value="rdc4msl" />
  </VNX-Block>
  <VNX-CIFS>
    <Properties Name="ControlStationIPAddress" Value="10.6.125.39" />
    <Properties Name="Username" Value="nasadmin" />
    <Properties Name="Password" Value="nasadmin" />
  </VNX-CIFS>
  <VNXe>
    <Properties Name="SpaIpAddress" Value="10.5.223.214" />
    <Properties Name="SpbIpAddress" Value="10.5.223.215" />
    <Properties Name="Username" Value="gadmin" />
    <Properties Name="Password" Value="Rdc4msl!" />
  </VNXe>
  <VMAX>
    <Properties Name="SerialNumber" Value="000195700515" />
    <Properties Name="Host" Value="10.110.44.97" />
    <Properties Name="Username" Value="admin" />
    <Properties Name="Password" Value="#1Password" />
  </VMAX>
  <Host>
    <Properties Name="UserName" Value="sr5dom\administrator" />
    <Properties Name="Password" Value="Password!" />
    <Properties Name="HostName" Value="test-irene1.sr5dom.eng.emc.com" />
    <Properties Name="AlternativeIpAddress" Value="10.5.222.174" />
  </Host>
  <Cluster>
    <Properties Name="UserName" Value="sr5dom\administrator" />
    <Properties Name="Password" Value="Password!" />
    <Properties Name="HostName" Value="wsicluster.sr5dom.eng.emc.com" />
  </Cluster>
</ArrayOfProperties>

