<?xml version="1.0" ?>
<ArrayOfProperties xmlns:xsi="http://www.w3.org/2001/XMLSchema-instance" xmlns:xsd="http://www.w3.org/2001/XMLSchema">
  <Disconnect-EmcStorageSystem>
    <Properties Name="Id" Value="[CLARiiON-CX4,VMAX,VNX,VNX-Block,VNX-CIFS]_[Name,FriendlyName,GlobalId]"/>
    <Properties Name="System" Value="[CLARiiON-CX4,VMAX,VNX,VNX-Block,VNX-CIFS]_System"/>
  </Disconnect-EmcStorageSystem>
  <Get-EmcStorageSystem>
    <Properties Name="Id" Value="[CLARiiON-CX4,VMAX,VNX,VNX-Block,VNX-CIFS]_[Name,FriendlyName,GlobalId]"/>
  </Get-EmcStorageSystem>
  <Disconnect-EmcHostSystem>
    <Properties Name="Id" Value="HostName,IPAddress,GlobalId"/>
  </Disconnect-EmcHostSystem>
  <Get-EmcHostSystem>
    <Properties Name="Id" Value="HostName,IPAddress,GlobalId"/>
    <Properties Name="HostSystemType" Value="Unknown,PhysicalMachine,Hypervisor,HyperV,VMware,XenServer,VMwareEsxHost,VirtualMachine,HyperV_VirtualMachine,VMware_VirtualMachine,XenServer_VirtualMachine"/>
  </Get-EmcHostSystem>
  <Get-EmcClusterSystem>
    <Properties Name="ID" Value="ClusterName,IPAddress,GlobalId"/>
  </Get-EmcClusterSystem>
  <Connect-EmcSystem>
    <Properties Name="CreationBlob" Value="[CLARiiON-CX4,VMAX,VNX,VNX-Block,VNX-CIFS,Host,Cluster,HyperV,XenServer,VMware,vCenter]_Blob"/>
    <Properties Name="SystemType" Value="'Citrix XenServer','vSphere/vCenter Server','VMware','ESX','VNXe','VNX-CIFS','CLARiiON-CX4','VNX-Block','VNX','VMAX','Windows Server 2008','Windows Server 2008 R2'"/>
  </Connect-EmcSystem>
  <Update-EmcSystem>
    <Properties Name="EmcSystem" Value="[CLARiiON-CX4,VMAX,VNX,VNX-Block,VNX-CIFS,Host,Cluster]System"/>
  </Update-EmcSystem>
  <Disconnect-EmcSystem>
    <Properties Name="Id" Value="[CLARiiON-CX4,VMAX,VNX,VNX-Block,VNX-CIFS,Host,Cluster]_[FriendlyName,GlobalId]"/>
    <Properties Name="System" Value="[CLARiiON-CX4,VMAX,VNX,VNX-Block,VNX-CIFS,Host,Cluster]_System"/>
  </Disconnect-EmcSystem>
  <Get-EmcSnapshotLun>
    <Properties Name="ID" Value="LUNId,LUNName"/>
  </Get-EmcSnapshotLun>
  <Get-EmcLun>
    <Properties Name="ID" Value="LUNId,LUNName"/>
  </Get-EmcLun>
  <Get-EmcHostVolume>
    <Properties Name="ID" Value="MountPath,HostVolumeIdentifier,DriveLetter,Label"/>
  </Get-EmcHostVolume>
  <Get-EmcVirtualDiskConfiguration>
    <Properties Name="HostDisk" Value="[HyperV,VMWare,XenServer][FilebasedDisk,PassthroughDisk]"/>
    <Properties Name="HostSystem" Value="[HyperV,VMWare,XenServer]HostSystem"/>
    <Properties Name="VirtualMachineConfiguration" Value="[HyperV,VMWare,XenServer]VmConfig"/>
  </Get-EmcVirtualDiskConfiguration>
  <Remove-EmcVirtualDiskFromVm>
    <Properties Name="VirtualMachineConfiguration" Value="HypervVMConfig,VMWareVMConfig" />
    <Properties Name="Location" Value="FileDiskLocation,PtDiskLocation"/>
  </Remove-EmcVirtualDiskFromVm>
  <Get-EmcXenServerSystem>
    <Properties Name="ID" Value="Name,GlobalId"/>
  </Get-EmcXenServerSystem>
  <Get-EmcXenServerHost>
    <Properties Name="ID" Value="Name,GlobalId,UUID"/>
  </Get-EmcXenServerHost>
  <Get-EmcXenServerStorageRepository>
    <Properties Name="ID" Value="Name,UUID"/>
  </Get-EmcXenServerStorageRepository>
  <Get-EmcXenServerVirtualDiskImage>
    <Properties Name="ID" Value="Name,UUID"/>
  </Get-EmcXenServerVirtualDiskImage>
  <Add-EmcFilebasedDiskToVirtualMachine>
    <Properties Name="Persistence" Value="Persistent,IndependentPersistent,IndependentNonPersistent"/>
  </Add-EmcFilebasedDiskToVirtualMachine>
  <Add-EmcPassthroughDiskToVirtualMachine>
    <Properties Name="Persistence" Value="Persistent,IndependentPersistent,IndependentNonPersistent"/>
    <Properties Name="Compatibility" Value="Physical,Virtual"/>
  </Add-EmcPassthroughDiskToVirtualMachine>
  <Expand-EmcFileBasedDisk>
    <Properties Name="VirtualMachineConfiguration" Value="VMwareVMConfig"/>
  </Expand-EmcFileBasedDisk>
  <Get-EmcScsiLun>
    <Properties Name="ID" Value="CanonicalName,DeviceName,UUID" />
  </Get-EmcScsiLun>
  <Get-EmcDataStore>
    <Properties Name="ID" Value="Name,UUID" />
  </Get-EmcDataStore>
  <Get-EmcVMwareSystem>
    <Properties Name="ID" Value="Name,IPAddress,GlobalId" />
  </Get-EmcVMwareSystem>
  <Get-EmcESXHost>
    <Properties Name="ID" Value="Name,UUID" />
  </Get-EmcESXHost>
  <Get-EmcVirtualMachineConfiguration>
    <Properties Name="VirtualMachine" Value="HypervVM,XenServerVM,VMWareVM" />
    <Properties Name="Hypervisor" Value="Hyperv,XenServer,VMWare" />
  </Get-EmcVirtualMachineConfiguration>
  <Get-EmcStorageServiceNode>
    <Properties Name="StorageSystem" Value="BlockStorageSystem,FileStorageSystem" />
  </Get-EmcStorageServiceNode>
  <Remove-EmcFileBasedDisk>
    <Properties Name="Hypervisor" Value="Hyperv,VMWare" />
  </Remove-EmcFileBasedDisk>
  <Get-EmcAvailablePassthroughDiskCandidate>
    <Properties Name="Hypervisor" Value="Hyperv,VMWare" />
  </Get-EmcAvailablePassthroughDiskCandidate>
  <Get-EmcVirtualMachineHypervisor>
    <Properties Name="VirtualMachineConfiguration" Value="HypervVMConfig,VMWareVMConfig,XenVMConfig" />
    <Properties Name="VirtualMachine" Value="HypervVirtualMachine,VMWareVirtualMachine,XenVirtualMachine" />
  </Get-EmcVirtualMachineHypervisor>
  <Get-EmcVirtualMachineScsiController>
    <Properties Name="VirtualMachineConfiguration" Value="HypervVMConfig,VMWareVMConfig" />
    <Properties Name="VirtualMachine" Value="HypervVirtualMachine,VMWareVirtualMachine" />    
  </Get-EmcVirtualMachineScsiController>
  <Get-EmcAvailableScsiControllerLocation>
    <Properties Name="VirtualMachineConfiguration" Value="HypervVMConfig,VMWareVMConfig" />
  </Get-EmcAvailableScsiControllerLocation>
  <Get-EmcSupportedSystemsCreationRequirement>
    <Properties Name="SystemType" Value="'[PSCMD:Get-EmcSupportedSystem]'"/>
  </Get-EmcSupportedSystemsCreationRequirement>
  <Get-EmcHyperVSystem>
    <Properties Name="Id" Value="Name,IPAddress,GlobalId" />
  </Get-EmcHyperVSystem>
  <Get-EmcStorageRegisteredHost>
    <Properties Name="Id" Value="HostName, MainIpAddress, HBAID" />
  </Get-EmcStorageRegisteredHost>
  <Get-EmcTargetPort>
    <Properties Name="PortType" Value="All,FC,iSCSI" />
  </Get-EmcTargetPort>
  <Add-EmcSystem>
    <Properties Name="SystemType" Value="VNX-CIFS,CLARiiON-CX4,VNX-Block,VNX,VMAX"/>
  </Add-EmcSystem>
  <Remove-EmcSystem>
    <Properties Name="System" Value="VNX-CIFS,CLARiiON-CX4,VNX-Block,VNX,VMAX"/>
  </Remove-EmcSystem>
  <Get-EmcEntityClass>
    <Properties Name="Pattern" Value="PSCMD:Get-EmcEntityClass"/>
  </Get-EmcEntityClass>
  <Get-EmcEntity>
    <Properties Name="Class" Value="PSCMD:Get-EmcEntityClass"/>
  </Get-EmcEntity>
  <Get-EmcSourceEntity>
    <Properties Name="ClassEntity" Value="EnclosureEntity,StandbyPowerSupplyEntity,MemoryModuleEntity,DiskDriveEntity,PowerSupplyEntity,LinkControlCardEntity,CoolingComponentEntity,LunStorageServiceNodeEntity,FcStoragePortEntity,LunStoragePoolEntity,ConcreteLunEntity,LunMaskingViewEntity,SnapshotPoolEntity,SnapshotLunEntity"/>
  </Get-EmcSourceEntity>
  <Get-EmcTargetEntity>
    <Properties Name="ClassEntity" Value="EnclosureEntity,LunStorageServiceNodeEntity,LunStoragePoolEntity,StorageSystemEntity" />
  </Get-EmcTargetEntity>

</ArrayOfProperties>
